user_id,longest_streak
296993,1
294387,1
297781,1
107278,1
281395,1
333853,1
361294,1
318177,1
312849,1
318257,1
299693,1
254372,1
296203,1
357325,1
184533,1
453682,1
419038,1
305504,1
454010,1
269660,1
242790,1
377862,1
453912,1
383391,1
337132,1
431234,1
365107,1
419317,1
315048,1
293951,1
271761,1
354722,1
266766,1
260345,1
1791,1
382810,1
427200,1
429700,1
328067,1
328665,1
433183,1
404729,1
429214,1
453885,1
303148,1
146968,1
1306,1
387930,1
157226,1
291487,1
341941,1
451426,1
287565,1
433149,1
433475,1
455143,1
308736,1
276788,1
444887,1
318419,1
291116,1
407874,1
282751,1
310861,1
455146,1
296237,1
287916,1
295419,1
40867,1
370448,1
268287,1
284482,1
178842,1
403139,1
841,1
6252,1
379252,1
453570,1
453955,1
452490,1
351183,1
275165,1
336447,1
188136,1
16774,1
455101,1
371634,1
419922,1
410772,1
453528,1
314217,1
453287,1
292625,1
296192,1
343646,1
393753,1
396981,1
206925,1
282032,1
439380,1
440779,1
262580,1
356100,1
282977,1
454732,1
440223,1
324068,1
442791,1
254845,1
241036,1
435646,1
430496,1
455148,1
290502,1
442417,1
394492,1
219488,1
172867,1
290383,1
4422,1
351701,1
389942,1
396741,1
190803,1
24687,1
455150,1
198958,1
296105,1
297008,1
392756,1
310297,1
296107,1
407180,1
255149,1
455153,1
445438,1
454930,1
216187,1
384432,1
261446,1
293894,1
8223,1
300406,1
350429,1
296160,1
351307,1
329828,1
441571,1
2600,1
292491,1
443151,1
246328,1
279735,1
263579,1
291789,1
454947,1
261171,1
25813,1
286273,1
269323,1
389535,1
162406,1
291528,1
421192,1
273960,1
297035,1
455154,1
297248,1
281034,1
454424,1
281022,1
311764,1
244135,1
275422,1
35260,1
307741,1
333749,1
272510,1
388890,1
184988,1
282507,1
301040,1
455156,1
453420,1
296813,1
388887,1
296812,1
447823,1
1522,1
404004,1
311560,1
30273,1
265260,1
258201,1
262459,1
448874,1
278851,1
360022,1
400441,1
358869,1
423874,1
452457,1
433431,1
453168,1
261810,1
354417,1
308016,1
16668,1
352216,1
455085,1
454186,1
330071,1
455160,1
150117,1
453093,1
4016,1
378517,1
332400,1
395797,1
289232,1
308287,1
455082,1
355038,1
228826,1
266548,1
435122,1
137618,1
169478,1
421330,1
195869,1
293843,1
378205,1
316337,1
343952,1
314918,1
265685,1
430316,1
354910,1
454422,1
454747,1
161742,1
292641,1
343516,1
453937,1
337556,1
417605,1
433374,1
333166,1
262112,1
275045,1
269178,1
291183,1
217990,1
453644,1
290353,1
440139,1
287737,1
313260,1
370229,1
453000,1
425525,1
22887,1
434844,1
407557,1
289270,1
450711,1
389726,1
400949,1
230894,1
409983,1
389650,1
181440,1
401111,1
235095,1
422709,1
2270,1
230273,1
452832,1
437714,1
282739,1
451027,1
16257,1
336509,1
269038,1
217601,1
349988,1
431843,1
453051,1
343604,1
242698,1
393315,1
244031,1
176396,1
293592,1
255296,1
258710,1
265076,1
337395,1
278972,1
331394,1
151663,1
292650,1
451166,1
375567,1
350549,1
333153,1
270674,1
336864,1
175300,1
455173,1
454478,1
396305,1
297641,1
419581,1
453715,1
337022,1
454622,1
355358,1
234889,1
270675,1
455176,1
254713,1
428503,1
274630,1
303702,1
274552,1
383686,1
428440,1
337144,1
423752,1
426413,1
455099,1
274127,1
441990,1
367265,1
286802,1
296613,1
12930,1
348946,1
455186,1
455007,1
330146,1
443327,1
275158,1
435597,1
415979,1
372102,1
405422,1
304746,1
441587,1
253829,1
444259,1
283206,1
288284,1
447808,1
42236,1
443104,1
143982,1
280613,1
402461,1
347232,1
6090,1
282304,1
2159,1
453530,1
172218,1
298234,1
443420,1
304704,1
329360,1
295578,1
5,1
349901,1
404198,1
177202,1
324343,1
226169,1
295323,1
448142,1
422777,1
311170,1
313912,1
254310,1
156171,1
194043,1
455003,1
361345,1
9666,1
397540,1
296461,1
161693,1
369831,1
371574,1
449931,1
440954,1
261567,1
430754,1
455197,1
455194,1
1713,1
450994,1
199756,1
275786,1
448993,1
345552,1
455027,1
423998,1
260465,1
449308,1
370715,1
441908,1
445709,1
454583,1
284438,1
304851,1
450926,1
312359,1
212463,1
409180,1
448755,1
442476,1
18378,1
334389,1
340250,1
407948,1
455172,1
454532,1
393554,1
295411,1
340602,1
149213,1
195830,1
6026,1
396442,1
316270,1
275277,1
255016,1
183419,1
455203,1
293345,1
448642,1
335656,1
263338,1
454526,1
454878,1
242014,1
294676,1
261019,1
5583,1
254605,1
454261,1
455204,1
355488,1
447286,1
441569,1
202070,1
293600,1
217593,1
451029,1
298231,1
161471,1
455205,1
188397,1
424697,1
320922,1
291264,1
454840,1
313395,1
173561,1
408002,1
293214,1
436031,1
355737,1
314144,1
258321,1
280148,1
3599,1
445128,1
414419,1
433034,1
290843,1
316962,1
453174,1
191091,1
441658,1
221898,1
210670,1
230140,1
439999,1
144023,1
147038,1
441416,1
426740,1
284180,1
3059,1
173105,1
286826,1
454304,1
375730,1
443176,1
7649,1
410516,1
355575,1
410991,1
447299,1
333836,1
428264,1
455034,1
455216,1
12205,1
443611,1
271257,1
431946,1
410432,1
6950,1
426798,1
455217,1
325393,1
346949,1
454578,1
347555,1
454292,1
441691,1
453915,1
442306,1
223510,1
255282,1
415451,1
313452,1
348448,1
145813,1
455018,1
288719,1
283029,1
292564,1
264146,1
262634,1
277410,1
291878,1
425522,1
434466,1
321776,1
414670,1
409880,1
453463,1
19,1
314245,1
185764,1
285352,1
239680,1
325958,1
438067,1
286073,1
268689,1
285397,1
277679,1
441781,1
275093,1
313990,1
455224,1
1374,1
291015,1
377367,1
440719,1
280249,1
453370,1
344453,1
277353,1
361962,1
288210,1
185851,1
216760,1
417926,1
454941,1
451498,1
291769,1
453388,1
450876,1
228262,1
165801,1
277812,1
454657,1
279562,1
296101,1
326761,1
269452,1
260754,1
454348,1
9845,1
423925,1
393372,1
359324,1
208408,1
391161,1
319252,1
455228,1
454895,1
296127,1
408838,1
406906,1
151404,1
452881,1
445257,1
194135,1
345468,1
435385,1
455229,1
227047,1
294343,1
431802,1
433919,1
408677,1
307089,1
455232,1
63294,1
268799,1
439687,1
454683,1
382055,1
298222,1
449462,1
411807,1
433857,1
452909,1
398805,1
453790,1
299962,1
455058,1
454129,1
397348,1
275757,1
159195,1
268331,1
438873,1
299051,1
454549,1
299794,1
305751,1
172161,1
443630,1
454777,1
454310,1
455233,1
420295,1
285749,1
292496,1
453519,1
291990,1
453798,1
453800,1
455047,1
272283,1
449130,1
149576,1
420705,1
105156,1
454666,1
209054,1
455237,1
454816,1
420988,1
455236,1
265758,1
401782,1
278701,1
295256,1
411765,1
334125,1
255342,1
442273,1
350891,1
330074,1
399815,1
327020,1
316544,1
177134,1
455241,1
340935,1
343463,1
349278,1
317252,1
419526,1
271764,1
288224,1
310003,1
311320,1
297959,1
307507,1
289814,1
454476,1
282591,1
181776,1
428920,1
161338,1
246855,1
294314,1
4871,1
171448,1
296124,1
361087,1
296119,1
282986,1
453177,1
280548,1
147087,1
424308,1
419159,1
431663,1
449872,1
454857,1
288220,1
186061,1
431429,1
455249,1
294560,1
438918,1
175519,1
454587,1
308457,1
454390,1
296129,1
455251,1
56469,1
233324,1
454813,1
39164,1
276998,1
453042,1
94711,1
424720,1
452417,1
9380,1
398107,1
343278,1
452846,1
401599,1
288218,1
455124,1
287020,1
333870,1
344511,1
441659,1
452764,1
455258,1
455253,1
337180,1
398783,1
407176,1
440476,1
149815,1
455259,1
454448,1
416270,1
235168,1
274877,1
291689,1
454423,1
282553,1
367591,1
295114,1
284837,1
314733,1
275669,1
343243,1
383415,1
380876,1
297580,1
421286,1
454399,1
448308,1
280233,1
360972,1
453247,1
451580,1
161480,1
420093,1
432721,1
341062,1
182591,1
116991,1
380721,1
294193,1
384823,1
453661,1
440815,1
216478,1
300945,1
292901,1
425458,1
301081,1
389478,1
149601,1
280853,1
455239,1
444622,1
455254,1
454953,1
300045,1
305290,1
439700,1
454431,1
342393,1
271154,1
275132,1
455198,1
350508,1
11937,1
260980,1
6890,1
455273,1
419659,1
254746,1
292355,1
274861,1
321420,1
288223,1
355424,1
292499,1
439498,1
452756,1
255123,1
343832,1
444511,1
358274,1
455268,1
453264,1
455270,1
357142,1
434497,1
360882,1
444288,1
275754,1
453027,1
282408,1
455142,1
424451,1
350487,1
354063,1
271841,1
282036,1
266410,1
271925,1
268926,1
274532,1
303504,1
455088,1
227645,1
454535,1
292720,1
192453,1
349203,1
455282,1
416434,1
154458,1
395405,1
288206,1
261895,1
315520,1
455247,1
396948,1
316003,1
271185,1
288691,1
454598,1
454596,1
324946,1
411827,1
425701,1
454362,1
166225,1
452448,1
290283,1
251329,1
291586,1
341362,1
334688,1
454538,1
193264,1
440821,1
179203,1
395104,1
455285,1
156542,1
411894,1
454982,1
326190,1
275637,1
294682,1
175064,1
324581,1
191522,1
279200,1
566,1
450999,1
11711,1
455291,1
337062,1
308635,1
278890,1
442538,1
292048,1
18533,1
289538,1
225103,1
272050,1
245569,1
2332,1
393366,1
292611,1
226603,1
213598,1
26671,1
279178,1
248485,1
7898,1
343761,1
455287,1
263546,1
368718,1
422016,1
397872,1
400939,1
437150,1
452653,1
455299,1
280134,1
348546,1
452931,1
291462,1
283154,1
447204,1
395576,1
342516,1
261813,1
288584,1
224264,1
292538,1
423485,1
339842,1
311255,1
272998,1
389811,1
343001,1
310911,1
59568,1
455292,1
271326,1
248969,1
278459,1
330297,1
325038,1
402852,1
453607,1
348227,1
360436,1
344320,1
279062,1
263519,1
366810,1
374333,1
454065,1
414782,1
455311,1
291744,1
274825,1
342059,1
272063,1
415203,1
391818,1
287434,1
454504,1
347770,1
328853,1
288232,1
395377,1
455303,1
188716,1
344012,1
258046,1
455315,1
455113,1
159370,1
432994,1
382846,1
316273,1
422117,1
447775,1
224699,1
368672,1
227387,1
400816,1
349886,1
157784,1
395105,1
425038,1
875,1
292596,1
160274,1
291566,1
261758,1
160493,1
451417,1
363587,1
394140,1
17598,1
149472,1
455320,1
365019,1
291730,1
1200,1
366483,1
347420,1
307003,1
341865,1
432749,1
197262,1
291551,1
147993,1
455322,1
337031,1
5790,1
291914,1
404846,1
413388,1
136857,1
353507,1
294934,1
454557,1
423055,1
213972,1
453897,1
302100,1
342007,1
292819,1
455127,1
305717,1
455327,1
234437,1
294956,1
315970,1
236414,1
439509,1
437817,1
410836,1
445232,1
337985,1
347901,1
270671,1
448889,1
11808,1
449163,1
83266,1
454660,1
288834,1
433953,1
221066,1
326126,1
380712,1
452705,1
432812,1
454675,1
320597,1
5143,1
455334,1
324643,1
136313,1
455336,1
129608,1
393840,1
324834,1
125191,1
258800,1
344968,1
411785,1
268516,1
455337,1
422579,1
272186,1
294792,1
2075,1
264684,1
308004,1
455342,1
377273,1
295972,1
455155,1
430864,1
11680,1
308994,1
2397,1
275430,1
295863,1
269373,1
455344,1
225335,1
259283,1
2723,1
394037,1
198890,1
399198,1
269016,1
282818,1
437105,1
454987,1
332256,1
221417,1
352921,1
1561,1
408566,1
455349,1
166037,1
284530,1
1562,1
310890,1
161125,1
29758,1
454952,1
293829,1
284779,1
177554,1
343603,1
265588,1
183901,1
453762,1
314053,1
2984,1
268811,1
299199,1
355170,1
296134,1
254881,1
413618,1
355269,1
341335,1
455353,1
427102,1
455354,1
296402,1
298058,1
436298,1
453141,1
252538,1
293005,1
282283,1
415690,1
296123,1
293805,1
447071,1
4034,1
297375,1
453648,1
340331,1
443627,1
105128,1
331430,1
300322,1
371149,1
414067,1
441963,1
338128,1
450235,1
309553,1
454363,1
342056,1
453062,1
282601,1
291824,1
241407,1
453166,1
417476,1
254677,1
295823,1
6679,1
426505,1
271603,1
455370,1
270993,1
159338,1
263293,1
455369,1
440551,1
422172,1
277864,1
21801,1
421345,1
453556,1
318194,1
356249,1
89305,1
414608,1
315265,1
310778,1
293557,1
331271,1
440705,1
329934,1
24540,1
455373,1
380440,1
444567,1
454132,1
424362,1
423134,1
455383,1
419015,1
454799,1
394539,1
156218,1
454106,1
434773,1
519,1
327310,1
455385,1
264130,1
255393,1
424025,1
454754,1
289260,1
454697,1
438428,1
412190,1
454047,1
397038,1
454591,1
414378,1
149787,1
455388,1
281832,1
233714,1
337349,1
411553,1
347344,1
290737,1
452536,1
361057,1
427973,1
455393,1
455394,1
420846,1
429050,1
331506,1
434592,1
288909,1
432044,1
338952,1
455399,1
454992,1
342268,1
328020,1
375712,1
455406,1
439968,1
173584,1
43005,1
3338,1
455209,1
310260,1
175723,1
401283,1
375281,1
418473,1
308055,1
333705,1
388201,1
410266,1
275445,1
340474,1
410333,1
422203,1
365730,1
455413,1
455414,1
361555,1
333694,1
455417,1
441277,1
455418,1
183924,1
424675,1
455420,1
454788,1
401885,1
309943,1
287238,1
452513,1
455419,1
256779,1
293682,1
192018,1
454251,1
313674,1
160346,1
393075,1
278496,1
269959,1
344042,1
455425,1
412749,1
386890,1
279228,1
292657,1
267686,1
425960,1
455428,1
300277,1
296644,1
455424,1
419849,1
165026,1
347918,1
349523,1
350998,1
20435,1
412158,1
451363,1
294907,1
407928,1
402617,1
394061,1
226611,1
315235,1
282575,1
455433,1
372501,1
42005,1
455355,1
235321,1
440804,1
368364,1
368020,1
455435,1
294590,1
455395,1
435149,1
302964,1
263648,1
431072,1
403904,1
283059,1
418364,1
291975,1
165374,1
434664,1
401649,1
394085,1
240591,1
455446,1
319947,1
432801,1
302799,1
367135,1
432783,1
455451,1
452683,1
297039,1
392600,1
268962,1
454661,1
454069,1
268965,1
455452,1
431440,1
137389,1
345508,1
295096,1
362278,1
455000,1
455457,1
397483,1
455460,1
254720,1
260916,1
390592,1
436186,1
218048,1
381700,1
186186,1
292006,1
436310,1
44058,1
441030,1
315928,1
273300,1
313831,1
1068,1
427115,1
271903,1
347467,1
451360,1
223708,1
346914,1
300205,1
327200,1
246426,1
339940,1
393912,1
159186,1
455469,1
454098,1
274273,1
353325,1
200829,1
312274,1
406616,1
296706,1
346702,1
338719,1
399991,1
344935,1
417213,1
210367,1
369928,1
178762,1
443765,1
350839,1
257560,1
453213,1
392875,1
455480,1
284856,1
275449,1
246062,1
455486,1
439818,1
441668,1
351691,1
285276,1
437332,1
419650,1
275442,1
455402,1
449728,1
455488,1
397217,1
446378,1
294815,1
10905,1
296103,1
455483,1
455493,1
277766,1
358190,1
11353,1
127758,1
427348,1
455087,1
243941,1
306292,1
455305,1
455495,1
279488,1
324484,1
1521,1
455076,1
309089,1
455500,1
455501,1
424690,1
444322,1
254467,1
455504,1
344555,1
454258,1
206754,1
297475,1
455371,1
296968,1
451839,1
306871,1
446971,1
156541,1
455507,1
413150,1
344346,1
453343,1
379083,1
453029,1
455510,1
455489,1
399793,1
261682,1
347030,1
908,1
341481,1
455513,1
321796,1
291686,1
27160,1
262761,1
294741,1
451453,1
454935,1
441325,1
424230,1
455517,1
446340,1
282741,1
327943,1
455518,1
363037,1
296207,1
455520,1
408107,1
255668,1
254527,1
308189,1
288754,1
293858,1
455522,1
353143,1
367890,1
439052,1
261552,1
412319,1
455025,1
132742,1
307262,1
196154,1
349663,1
153897,1
297572,1
173212,1
455524,1
261417,1
303853,1
182636,1
455526,1
455294,1
455527,1
424974,1
352603,1
455528,1
348047,1
277322,1
266340,1
385647,1
295756,1
454659,1
455529,1
454393,1
337297,1
455531,1
455509,1
368945,1
392650,1
455532,1
394428,1
89036,1
449716,1
302585,1
347816,1
298154,1
431053,1
320002,1
363409,1
210165,1
455538,1
280372,1
309880,1
407681,1
436454,1
435047,1
321891,1
335661,1
360914,1
416968,1
342574,1
211129,1
362727,1
425104,1
455544,1
247790,1
455545,1
455550,1
455549,1
292402,1
165051,1
454023,1
3984,1
145793,1
453845,1
2185,1
425599,1
455553,1
410642,1
450447,1
306255,1
294949,1
400205,1
454588,1
454359,1
283691,1
304542,1
452212,1
453104,1
1652,1
344832,1
453163,1
182377,1
449885,1
431854,1
446262,1
421922,1
252678,1
398794,1
426144,1
318260,1
455560,1
455561,1
427852,1
455563,1
455566,1
24664,1
268242,1
377559,1
439132,1
335556,1
454594,1
395845,1
455542,1
406201,1
230440,1
305716,1
388506,1
273060,1
452856,1
248447,1
431116,1
376511,1
364616,1
17535,1
280953,1
442326,1
338572,1
445614,1
296956,1
331925,1
399678,1
296690,1
376556,1
426870,1
39688,1
371053,1
296034,1
453888,1
324335,1
454425,1
453170,1
312858,1
371693,1
337417,1
448742,1
348528,1
296440,1
2188,1
446364,1
413749,1
282839,1
453964,1
455585,1
455453,1
415082,1
399589,1
33912,1
319381,1
440307,1
436297,1
175955,1
455378,1
454844,1
455587,1
327787,1
454437,1
161070,1
437901,1
299328,1
455590,1
347184,1
430899,1
308840,1
258722,1
312619,1
377004,1
257729,1
334981,1
364831,1
266014,1
451330,1
297494,1
431847,1
332032,1
455600,1
218699,1
433378,1
10353,1
383780,1
346762,1
455448,1
284266,1
278461,1
407524,1
273303,1
359001,1
455606,1
410495,1
267064,1
455605,1
171571,1
351656,1
403012,1
264306,1
439493,1
430233,1
455613,1
455611,1
320204,1
453965,1
453883,1
298729,1
179405,1
281608,1
401906,1
402266,1
360770,1
447711,1
344468,1
196968,1
179664,1
328218,1
357248,1
455626,1
254092,1
277609,1
255396,1
455627,1
422155,1
455630,1
448592,1
288367,1
343143,1
409754,1
428616,1
305866,1
325856,1
351808,1
292114,1
155342,1
288741,1
321414,1
315711,1
360501,1
4231,1
269293,1
331534,1
453454,1
455640,1
443842,1
455638,1
412165,1
282529,1
377333,1
455644,1
365886,1
342567,1
412145,1
455642,1
455645,1
455647,1
369674,1
455648,1
455649,1
342844,1
340927,1
282854,1
365347,1
432002,1
157218,1
438715,1
300127,1
455654,1
401744,1
391565,1
374301,1
205122,1
326096,1
310446,1
455653,1
434475,1
453114,1
455657,1
351048,1
454029,1
453747,1
319627,1
438477,1
329557,1
419664,1
296965,1
455661,1
359890,1
296488,1
455663,1
450604,1
437165,1
291628,1
360875,1
455664,1
411080,1
455665,1
441460,1
454913,1
421951,1
254567,1
352206,1
445345,1
391266,1
447603,1
293898,1
258137,1
446653,1
439391,1
385962,1
338613,1
455670,1
393985,1
274994,1
286834,1
438969,1
317248,1
373058,1
455286,1
373953,1
446830,1
418024,1
455671,1
417062,1
365666,1
430465,1
292191,1
455674,1
378891,1
368706,1
6808,1
425770,1
427891,1
182149,1
343094,1
288435,1
453882,1
436627,1
177471,1
331694,1
455684,1
292475,1
226252,1
396459,1
396917,1
307177,1
455652,1
304770,1
228202,1
310383,1
435680,1
455690,1
447215,1
254432,1
431118,1
455687,1
454323,1
420963,1
455699,1
338620,1
455701,1
389493,1
157791,1
455706,1
455711,1
455708,1
455710,1
455712,1
314434,1
409437,1
455713,1
435401,1
299250,1
314554,1
439667,1
370462,1
392311,1
216394,1
450688,1
319402,1
343239,1
455725,1
360320,1
254571,1
450855,1
450806,1
455646,1
358900,1
296102,1
249503,1
455734,1
455728,1
441553,1
4714,1
455331,1
248647,1
454854,1
455738,1
414733,1
454911,1
405784,1
234162,1
455122,1
450969,1
450871,1
345648,1
260861,1
453931,1
341067,1
293539,1
266012,1
242515,1
455742,1
265462,1
342418,1
436425,1
339048,1
272029,1
340753,1
299397,1
282136,1
98065,1
345798,1
455628,1
6819,1
454204,1
428589,1
328836,1
455748,1
171402,1
3938,1
455752,1
455248,1
343534,1
291860,1
115657,1
340547,1
186953,1
454718,1
338406,1
260813,1
283636,1
455758,1
396484,1
454605,1
338986,1
455765,1
292484,1
310279,1
455767,1
454710,1
2264,1
455770,1
277084,1
442995,1
282121,1
455766,1
455773,1
426083,1
397349,1
330675,1
393909,1
313732,1
238231,1
301045,1
453252,1
452664,1
455775,1
455776,1
202661,1
380656,1
455774,1
303358,1
348615,1
227039,1
253080,1
17562,1
336297,1
441487,1
278940,1
293541,1
335020,1
450771,1
392381,1
349090,1
455785,1
399844,1
455786,1
270607,1
416761,1
292075,1
277886,1
437546,1
349020,1
455789,1
6165,1
455791,1
179785,1
344993,1
455793,1
405446,1
294338,1
455794,1
455797,1
344751,1
320719,1
321287,1
424743,1
455800,1
455782,1
435774,1
453962,1
455804,1
455805,1
455806,1
275189,1
455193,1
455807,1
428123,1
413498,1
357772,1
222355,1
433215,1
399399,1
320978,1
345771,1
254249,1
254428,1
418721,1
291166,1
441628,1
288870,1
440790,1
322546,1
406152,1
353381,1
455810,1
261393,1
311267,1
445793,1
292001,1
389727,1
455811,1
289111,1
455384,1
455812,1
422883,1
452695,1
347473,1
22980,1
455814,1
441269,1
284241,1
372922,1
455818,1
391109,1
171339,1
415911,1
455813,1
244886,1
455552,1
455819,1
287562,1
455825,1
401424,1
151041,1
295567,1
427372,1
455824,1
238112,1
345237,1
402487,1
311742,1
360941,1
410867,1
455733,1
293083,1
455829,1
455833,1
455834,1
454184,1
442639,1
362685,1
314418,1
191589,1
455835,1
293880,1
39492,1
117652,1
354201,1
342793,1
178994,1
147766,1
400820,1
454057,1
455840,1
426064,1
398733,1
275518,1
379533,1
455846,1
312163,1
326241,1
448128,1
258818,1
280662,1
316093,1
427190,1
455845,1
100706,1
357719,1
423338,1
321115,1
252685,1
282102,1
343192,1
404424,1
413151,1
236455,1
12897,1
418009,1
455865,1
455866,1
344297,1
21603,1
279352,1
455868,1
455870,1
396108,1
455841,1
352902,1
448316,1
455616,1
293397,1
349306,1
450190,1
1102,1
303940,1
455608,1
412708,1
455873,1
284379,1
368049,1
447192,1
376476,1
359763,1
199699,1
304015,1
419250,1
448613,1
339333,1
228416,1
368006,1
455881,1
449330,1
394077,1
275291,1
410422,1
455879,1
455882,1
348989,1
294061,1
320910,1
454642,1
292689,1
307475,1
303178,1
408052,1
455887,1
210318,1
446309,1
291836,1
455895,1
377892,1
455894,1
455896,1
455892,1
1482,1
454276,1
281531,1
309435,1
276104,1
450538,1
455903,1
344866,1
416364,1
362204,1
455904,1
138534,1
393904,1
368122,1
455275,1
300949,1
292121,1
329150,1
249905,1
348742,1
455905,1
341706,1
340703,1
300340,1
455907,1
455908,1
452130,1
296942,1
455874,1
454403,1
244830,1
233619,1
336370,1
262569,1
427068,1
454644,1
259316,1
417812,1
146514,1
454062,1
455884,1
434817,1
352781,1
261367,1
235980,1
354279,1
160366,1
455919,1
15363,1
455917,1
455920,1
396972,1
348429,1
393043,1
455923,1
455925,1
261674,1
144682,1
292815,1
448099,1
334935,1
455927,1
290703,1
375385,1
455930,1
418795,1
455934,1
455340,1
401773,1
455078,1
318691,1
173857,1
445812,1
206153,1
342249,1
338825,1
5717,1
413071,1
423670,1
455694,1
413825,1
306504,1
451348,1
146603,1
2555,1
231164,1
455862,1
211837,1
301467,1
361901,1
452341,1
404935,1
433705,1
290148,1
455956,1
254935,1
304546,1
266057,1
327462,1
455655,1
453920,1
455952,1
453895,1
255220,1
381965,1
449271,1
455965,1
260815,1
379054,1
455970,1
424112,1
430216,1
197346,1
455973,1
150157,1
862,1
397803,1
179103,1
408235,1
274662,1
403264,1
143407,1
294112,1
296997,1
262073,1
263496,1
455983,1
360808,1
370997,1
338873,1
197200,1
2055,1
173243,1
442883,1
385246,1
406014,1
292413,1
455988,1
18314,1
453502,1
271950,1
391093,1
324160,1
442549,1
342896,1
30206,1
453579,1
455991,1
296291,1
455992,1
254676,1
335586,1
5836,1
454714,1
347997,1
349113,1
418188,1
295817,1
161426,1
419123,1
454643,1
423693,1
273256,1
455997,1
228081,1
5076,1
455998,1
455999,1
126406,1
454687,1
433059,1
148652,1
453391,1
454401,1
286852,1
170343,1
310728,1
310878,1
440287,1
292604,1
259952,1
1661,1
331968,1
456003,1
422116,1
2222,1
409062,1
193456,1
456005,1
396602,1
450850,1
456006,1
351050,1
186915,1
447369,1
452561,1
456010,1
456009,1
291881,1
397355,1
456012,1
146399,1
456013,1
449679,1
456015,1
446679,1
323297,1
455454,1
154100,1
6278,1
453516,1
446589,1
456019,1
454790,1
362379,1
294776,1
304856,1
454784,1
416843,1
358210,1
345101,1
289005,1
455842,1
428402,1
157687,1
269519,1
146349,1
19074,1
456026,1
389317,1
448221,1
456030,1
452035,1
291401,1
446297,1
5743,1
456035,1
277065,1
153059,1
293627,1
312457,1
296914,1
447573,1
456036,1
208451,1
411401,1
376388,1
340758,1
297106,1
302781,1
278455,1
315136,1
456040,1
427651,1
418316,1
263886,1
182512,1
322943,1
456045,1
255409,1
455328,1
255827,1
442007,1
448611,1
225011,1
455954,1
411949,1
288208,1
318855,1
454529,1
239459,1
456050,1
270877,1
409770,1
392292,1
451497,1
373649,1
306214,1
456053,1
456056,1
453812,1
295098,1
330304,1
1977,1
450765,1
307234,1
456064,1
355649,1
402610,1
421193,1
456068,1
423326,1
411385,1
453604,1
455166,1
330058,1
398502,1
454479,1
395206,1
454564,1
275126,1
343379,1
454175,1
456074,1
456078,1
456079,1
453165,1
456080,1
221756,1
315686,1
338539,1
334098,1
305618,1
156587,1
443664,1
431174,1
293639,1
326556,1
291671,1
435856,1
410538,1
405271,1
456024,1
456072,1
452281,1
436646,1
303503,1
448899,1
341055,1
278753,1
302357,1
420807,1
455967,1
456091,1
456095,1
454781,1
431218,1
456099,1
299359,1
309205,1
453423,1
438474,1
113425,1
339247,1
414064,1
435480,1
451446,1
153357,1
358666,1
372757,1
456107,1
339721,1
371864,1
456103,1
1659,1
289049,1
195144,1
362422,1
388862,1
349996,1
451847,1
455685,1
433592,1
422382,1
377535,1
445904,1
263672,1
346060,1
456110,1
392716,1
455444,1
448340,1
253156,1
2545,1
456051,1
283115,1
455408,1
272861,1
456113,1
227538,1
316628,1
301518,1
362503,1
351513,1
456114,1
453334,1
293303,1
266743,1
341710,1
270930,1
327697,1
332695,1
264425,1
353820,1
256405,1
318534,1
250476,1
418557,1
449394,1
429581,1
456121,1
456070,1
456122,1
310065,1
455636,1
454875,1
456123,1
456126,1
454855,1
454638,1
456127,1
456129,1
427902,1
453136,1
456115,1
197785,1
318431,1
453906,1
276531,1
406979,1
456132,1
424157,1
456134,1
447713,1
272058,1
456136,1
437230,1
13695,1
429604,1
338997,1
3402,1
405911,1
449491,1
301071,1
456096,1
269990,1
290746,1
155640,1
280913,1
381196,1
389865,1
351937,1
192722,1
24924,1
437031,1
456049,1
252200,1
427065,1
151694,1
328180,1
143992,1
424313,1
446071,1
265130,1
441154,1
251239,1
284141,1
337982,1
456161,1
453433,1
456163,1
410811,1
304237,1
344440,1
25507,1
434687,1
260891,1
455329,1
448691,1
230333,1
307004,1
389976,1
456169,1
254672,1
447315,1
254127,1
456175,1
236081,1
307125,1
336940,1
355540,1
270606,1
263120,1
366640,1
435434,1
282174,1
442536,1
455937,1
338084,1
326092,1
453262,1
404582,1
432886,1
408008,1
456185,1
239092,1
152896,1
417529,1
456186,1
297859,1
1500,1
308208,1
456162,1
452295,1
233867,1
414960,1
192293,1
374245,1
456194,1
196733,1
455989,1
452929,1
456192,1
455288,1
379886,1
449634,1
456190,1
444590,1
300719,1
456200,1
416640,1
292385,1
347634,1
343468,1
324862,1
182897,1
838,1
353462,1
128082,1
272923,1
347588,1
382668,1
1742,1
270616,1
305926,1
456206,1
439861,1
351692,1
456207,1
264081,1
296230,1
454430,1
309660,1
363640,1
292436,1
263783,1
364722,1
268792,1
454904,1
260173,1
216694,1
436673,1
434292,1
456137,1
345571,1
291691,1
454736,1
401080,1
411337,1
441406,1
178120,1
172440,1
454939,1
271519,1
7900,1
456228,1
351766,1
311413,1
394026,1
456220,1
456229,1
300116,1
454073,1
456233,1
456232,1
292106,1
454176,1
429004,1
370157,1
456236,1
408127,1
356848,1
330530,1
210994,1
323431,1
437274,1
414497,1
298175,1
456240,1
6930,1
350388,1
347021,1
451763,1
456242,1
456244,1
332284,1
278091,1
277972,1
442425,1
285804,1
454523,1
433734,1
354147,1
347239,1
449185,1
262641,1
456253,1
299212,1
456255,1
417061,1
157144,1
372494,1
456259,1
456245,1
456260,1
205148,1
456262,1
456263,1
409733,1
221922,1
456264,1
456250,1
456265,1
320578,1
401162,1
456269,1
333799,1
401454,1
303509,1
456272,1
455957,1
263076,1
27180,1
454498,1
412186,1
320820,1
278881,1
456274,1
409934,1
339245,1
456276,1
211603,1
406659,1
103808,1
440741,1
319091,1
438623,1
147197,1
416685,1
422494,1
388161,1
345541,1
364237,1
451804,1
453235,1
427597,1
304222,1
456183,1
299264,1
268366,1
163108,1
456189,1
289805,1
292643,1
355637,1
281742,1
115019,1
456286,1
350318,1
351362,1
456277,1
390410,1
456287,1
185973,1
207519,1
456290,1
333488,1
433044,1
162037,1
287548,1
346597,1
456297,1
456292,1
456298,1
456299,1
337700,1
159239,1
278108,1
12530,1
294540,1
455852,1
446351,1
456305,1
456309,1
393905,1
360481,1
262955,1
420858,1
456314,1
5221,1
291606,1
440090,1
285524,1
456289,1
291177,1
456321,1
309420,1
456291,1
359142,1
192554,1
158823,1
455375,1
456324,1
449935,1
308098,1
451985,1
343661,1
456327,1
146447,1
437649,1
152692,1
423181,1
456329,1
456312,1
282015,1
450073,1
394294,1
456331,1
456336,1
412353,1
238155,1
440830,1
253772,1
456337,1
150823,1
295281,1
397778,1
368220,1
190825,1
397327,1
275246,1
268510,1
57613,1
456345,1
451294,1
278764,1
319687,1
348858,1
143002,1
9813,1
290282,1
456352,1
310238,1
428193,1
456353,1
204926,1
405950,1
293955,1
454901,1
439142,1
456348,1
437482,1
313493,1
237645,1
456349,1
421578,1
319280,1
272452,1
313716,1
229324,1
438944,1
272909,1
394304,1
456373,1
322483,1
291682,1
456378,1
416214,1
456379,1
407281,1
456380,1
456370,1
456381,1
454384,1
393468,1
456392,1
456317,1
420129,1
456398,1
456395,1
323210,1
456399,1
388919,1
295506,1
456401,1
248835,1
444162,1
405140,1
455223,1
332647,1
453194,1
55068,1
377304,1
317811,1
420800,1
455964,1
456407,1
456412,1
235442,1
455335,1
426304,1
386389,1
426118,1
412762,1
357608,1
295609,1
456413,1
456364,1
232527,1
362887,1
283861,1
396480,1
456148,1
404365,1
346035,1
436849,1
456419,1
303924,1
412305,1
445908,1
456433,1
453472,1
388282,1
456437,1
455138,1
453243,1
301042,1
275215,1
410507,1
378780,1
456438,1
164442,1
400241,1
2248,1
286190,1
384125,1
456443,1
431105,1
429978,1
456447,1
456448,1
161785,1
12623,1
420155,1
422542,1
456460,1
429103,1
157976,1
271015,1
233048,1
3595,1
281695,1
285776,1
447887,1
456466,1
16979,1
371055,1
430368,1
371342,1
453054,1
456476,1
456477,1
453080,1
439218,1
456479,1
409747,1
446495,1
267916,1
456455,1
401067,1
371290,1
300271,1
29545,1
71288,1
55809,1
16647,1
349179,1
323673,1
291627,1
319564,1
456488,1
378586,1
381394,1
282626,1
291779,1
292818,1
196268,1
310633,1
454984,1
261390,1
109066,1
427775,1
456494,1
306988,1
168785,1
456495,1
437646,1
261644,1
455660,1
207737,1
456505,1
301563,1
345779,1
456506,1
417027,1
365004,1
401956,1
363025,1
456515,1
376670,1
283612,1
291875,1
404054,1
451170,1
371516,1
334910,1
419168,1
456520,1
456490,1
256838,1
453086,1
456524,1
425063,1
384203,1
292691,1
455014,1
357615,1
411668,1
437951,1
456528,1
456529,1
362775,1
456532,1
351344,1
72734,1
323278,1
455430,1
456536,1
456535,1
7955,1
366669,1
277845,1
436382,1
301843,1
352143,1
438545,1
363569,1
139592,1
305228,1
449295,1
238468,1
273351,1
441996,1
456548,1
390192,1
333104,1
456549,1
456537,1
323226,1
456551,1
445668,1
39432,1
293375,1
456554,1
456539,1
454749,1
456547,1
292574,1
451583,1
228432,1
296473,1
453095,1
456562,1
456319,1
18688,1
387680,1
288070,1
456288,1
454244,1
419798,1
443844,1
456565,1
456566,1
452955,1
451384,1
375871,1
357748,1
456569,1
455358,1
441787,1
291831,1
456571,1
404642,1
455924,1
456572,1
456573,1
456575,1
148785,1
453711,1
311800,1
456578,1
263456,1
456574,1
456579,1
454571,1
456580,1
452986,1
300902,1
456582,1
456586,1
321391,1
297619,1
195443,1
456588,1
308119,1
314305,1
183867,1
456592,1
456594,1
296781,1
456593,1
209351,1
160196,1
433546,1
456595,1
449557,1
358362,1
2688,1
456599,1
255031,1
456600,1
297592,1
242205,1
438570,1
322830,1
407256,1
456602,1
455876,1
439995,1
456604,1
4751,1
378199,1
278978,1
431738,1
456610,1
296970,1
456612,1
453824,1
455880,1
374751,1
443100,1
349168,1
339893,1
431833,1
304050,1
313642,1
456621,1
204374,1
290920,1
327189,1
456581,1
349196,1
254947,1
332599,1
324903,1
456630,1
456628,1
456601,1
456421,1
456623,1
292595,1
456633,1
456637,1
324595,1
442243,1
456639,1
456636,1
421439,1
297003,1
387345,1
370369,1
456646,1
442176,1
372688,1
456649,1
456643,1
325275,1
146760,1
359670,1
437009,1
456652,1
294271,1
413473,1
442584,1
275457,1
307269,1
263759,1
348359,1
413444,1
285016,1
293859,1
273992,1
338771,1
275529,1
348639,1
153726,1
291804,1
456667,1
245755,1
448593,1
443239,1
293294,1
455875,1
456440,1
441958,1
355115,1
288809,1
6971,1
456674,1
149960,1
423600,1
456653,1
456675,1
456676,1
303468,1
456678,1
397155,1
300034,1
208967,1
289066,1
456688,1
456687,1
404074,1
146220,1
175156,1
456692,1
1411,1
456693,1
283754,1
273630,1
1907,1
455769,1
259308,1
344312,1
443552,1
273375,1
348286,1
283005,1
456699,1
382523,1
162491,1
456700,1
338993,1
456701,1
456702,1
423275,1
456705,1
360857,1
77476,1
456709,1
454655,1
331693,1
456714,1
442950,1
456715,1
391777,1
456716,1
31411,1
346475,1
441461,1
453914,1
211139,1
456719,1
456722,1
442904,1
452925,1
46615,1
454452,1
456726,1
456728,1
456718,1
258970,1
349443,1
425710,1
333565,1
456624,1
372049,1
302854,1
456249,1
401357,1
388407,1
441298,1
253831,1
448646,1
455392,1
409967,1
456743,1
453407,1
278280,1
456750,1
456751,1
332505,1
455491,1
322196,1
1,1
456543,1
413038,1
414530,1
453036,1
456758,1
194950,1
453003,1
453394,1
456755,1
454753,1
225504,1
456757,1
337697,1
291698,1
375082,1
456768,1
456765,1
456772,1
341409,1
444128,1
341270,1
456774,1
424650,1
290923,1
438230,1
291445,1
456658,1
456778,1
456436,1
456777,1
432184,1
247966,1
374176,1
451381,1
456783,1
281315,1
348372,1
231449,1
334108,1
39563,1
308311,1
317008,1
456784,1
456785,1
294552,1
102378,1
431632,1
453988,1
289723,1
456558,1
456795,1
301492,1
419030,1
362168,1
123128,1
282776,1
456760,1
383114,1
424654,1
311718,1
447126,1
269937,1
456802,1
280757,1
455123,1
424638,1
313057,1
351584,1
455929,1
291979,1
309079,1
456804,1
410697,1
290719,1
455536,1
291565,1
456806,1
406148,1
456673,1
293403,1
456813,1
411339,1
288214,1
456786,1
289048,1
456817,1
273784,1
374681,1
291169,1
272830,1
294213,1
412571,1
443900,1
456821,1
283839,1
403078,1
456822,1
456826,1
193359,1
433627,1
456028,1
456827,1
455886,1
284015,1
456831,1
446289,1
172441,1
456835,1
456834,1
66341,1
454817,1
432245,1
379103,1
360222,1
255251,1
152438,1
288239,1
372073,1
343226,1
423309,1
172887,1
440468,1
344792,1
406770,1
337111,1
453198,1
290695,1
14887,1
409223,1
5199,1
456840,1
439172,1
434830,1
441164,1
283807,1
397469,1
364262,1
295973,1
9815,1
367222,1
173342,1
456605,1
291981,1
456851,1
180345,1
360909,1
171464,1
434584,1
426185,1
262585,1
339178,1
456855,1
456852,1
293132,1
425999,1
297022,1
295513,1
240248,1
236984,1
330170,1
435056,1
452423,1
456857,1
445325,1
291011,1
149566,1
276095,1
382724,1
188112,1
169187,1
364472,1
444924,1
456860,1
304104,1
433613,1
456792,1
429968,1
415162,1
282159,1
456863,1
346436,1
456858,1
456862,1
199772,1
280000,1
207887,1
1956,1
454013,1
417507,1
315078,1
342611,1
441942,1
427378,1
456861,1
456866,1
439980,1
296396,1
429572,1
383066,1
353440,1
323478,1
456871,1
293976,1
273136,1
456875,1
3577,1
456266,1
456882,1
306164,1
456874,1
456887,1
426151,1
299665,1
318642,1
74935,1
456888,1
278080,1
327987,1
190801,1
288621,1
266001,1
456893,1
342738,1
456898,1
452122,1
262999,1
437896,1
456903,1
9305,1
176212,1
355087,1
301284,1
392358,1
308138,1
456838,1
456910,1
447773,1
456912,1
444077,1
24184,1
319401,1
277026,1
432904,1
287868,1
323631,1
289919,1
456884,1
456690,1
344914,1
456919,1
303864,1
164904,1
456921,1
454165,1
340510,1
429826,1
456924,1
268765,1
255257,1
410158,1
456928,1
456689,1
456931,1
434418,1
317062,1
336456,1
441820,1
456815,1
148467,1
7696,1
274354,1
456824,1
440364,1
335199,1
456941,1
456231,1
456934,1
456845,1
417339,1
318841,1
347074,1
452877,1
314064,1
456943,1
237636,1
247618,1
939,1
456254,1
171705,1
400281,1
293947,1
305767,1
456947,1
145754,1
455325,1
411855,1
456948,1
421952,1
454126,1
303336,1
456952,1
456953,1
456847,1
397408,1
456942,1
243026,1
456954,1
332489,1
302133,1
456723,1
394589,1
444127,1
11002,1
454827,1
293905,1
456958,1
224777,1
370022,1
440217,1
317593,1
300936,1
291701,1
332996,1
300107,1
456665,1
455040,1
329717,1
456963,1
410300,1
456964,1
449352,1
456967,1
456970,1
437545,1
227603,1
291946,1
416166,1
456976,1
279217,1
322547,1
452808,1
2986,1
455381,1
453256,1
350118,1
456988,1
2922,1
297581,1
322776,1
354822,1
138226,1
352306,1
412900,1
429093,1
73520,1
314415,1
285293,1
355808,1
283887,1
308745,1
456999,1
456997,1
426094,1
457001,1
456998,1
457002,1
456982,1
390293,1
281551,1
457006,1
354167,1
317286,1
252339,1
244319,1
299194,1
286692,1
183582,1
437812,1
34172,1
453045,1
457010,1
294142,1
347121,1
457013,1
457004,1
180021,1
454467,1
294236,1
227881,1
421636,1
441853,1
457014,1
457015,1
457017,1
424306,1
312105,1
457021,1
457023,1
457022,1
456925,1
234161,1
457026,1
2295,1
291402,1
291632,1
282573,1
457029,1
424071,1
455494,1
298530,1
441620,1
431410,1
39,1
347610,1
368380,1
455816,1
171349,1
420284,1
457042,1
296697,1
457044,1
457045,1
433961,1
268373,1
457027,1
283452,1
457050,1
457052,1
317748,1
457049,1
457055,1
294295,1
456991,1
292350,1
457060,1
457062,1
302525,1
456606,1
11361,1
457063,1
320283,1
359054,1
304631,1
457066,1
398858,1
420635,1
425206,1
457065,1
415669,1
457071,1
236073,1
457067,1
274308,1
377834,1
453297,1
457075,1
377286,1
237135,1
324876,1
404537,1
449010,1
450722,1
457085,1
457086,1
457089,1
338556,1
351364,1
138881,1
299700,1
457092,1
268984,1
71856,1
457095,1
448177,1
457088,1
455321,1
275644,1
399089,1
295214,1
453603,1
353987,1
329309,1
457111,1
457100,1
449832,1
310593,1
457114,1
457116,1
334631,1
203780,1
422936,1
450997,1
437517,1
370089,1
346780,1
63561,1
394199,1
410272,1
230052,1
314404,1
291561,1
445721,1
315704,1
457130,1
457131,1
403363,1
423006,1
154242,1
457138,1
452391,1
436614,1
408735,1
301425,1
306987,1
370384,1
418614,1
457140,1
457141,1
457119,1
311249,1
433790,1
226612,1
317419,1
455990,1
367285,1
457145,1
457146,1
457148,1
457150,1
448357,1
18462,1
457153,1
457155,1
457149,1
364048,1
333832,1
426983,1
457159,1
261820,1
457161,1
457103,1
457163,1
457164,1
457168,1
310397,1
331922,1
290819,1
457151,1
388948,1
373885,1
452969,1
457172,1
300259,1
313638,1
288325,1
424291,1
434072,1
457176,1
5729,1
282288,1
457180,1
268262,1
456510,1
457182,1
457184,1
169966,1
457186,1
317253,1
433906,1
457191,1
427682,1
285006,1
457181,1
456654,1
452880,1
457200,1
326576,1
457178,1
457207,1
359503,1
426430,1
288558,1
404193,1
456944,1
457212,1
291041,1
402513,1
456609,1
365753,1
457220,1
445296,1
391703,1
302378,1
457227,1
457229,1
358440,1
455844,1
392902,1
396251,1
457233,1
456278,1
258495,1
457236,1
152422,1
290504,1
457251,1
417291,1
392224,1
206068,1
278203,1
457253,1
453670,1
303349,1
290242,1
457257,1
406976,1
275566,1
457265,1
457259,1
432824,1
453072,1
345164,1
352235,1
450949,1
457276,1
457275,1
457190,1
245451,1
450237,1
301379,1
457280,1
406422,1
282726,1
324390,1
268584,1
327270,1
398827,1
162998,1
429037,1
306743,1
294033,1
163914,1
457292,1
302128,1
457249,1
201066,1
261693,1
254875,1
425328,1
288884,1
332318,1
427512,1
457115,1
281733,1
451067,1
283939,1
457300,1
311241,1
262778,1
269418,1
457304,1
348195,1
457285,1
324397,1
337925,1
297287,1
402036,1
457303,1
391389,1
457306,1
457310,1
303279,1
413184,1
414736,1
457315,1
300929,1
371404,1
457318,1
457311,1
457320,1
433671,1
261681,1
457054,1
453917,1
457205,1
457323,1
446615,1
372085,1
457326,1
218516,1
410630,1
434883,1
298948,1
403432,1
457290,1
300231,1
5254,1
398835,1
455822,1
457336,1
433972,1
408062,1
443536,1
454585,1
163102,1
299435,1
411006,1
457341,1
254367,1
457343,1
382118,1
248871,1
440739,1
351934,1
440622,1
451582,1
457350,1
275583,1
360608,1
454123,1
185981,1
439538,1
1581,1
457355,1
453683,1
457353,1
14470,1
457346,1
319759,1
457358,1
235790,1
4320,1
428938,1
374553,1
457361,1
348497,1
449414,1
298011,1
346902,1
457369,1
457368,1
375324,1
456149,1
410827,1
448692,1
413885,1
450571,1
456485,1
382465,1
457379,1
387581,1
156429,1
283509,1
457385,1
436328,1
238800,1
2887,1
420948,1
106376,1
161470,1
457390,1
341732,1
270928,1
457393,1
457392,1
417969,1
454311,1
289535,1
337139,1
348224,1
425895,1
457398,1
317644,1
440340,1
6051,1
457402,1
404616,1
416534,1
454343,1
1173,1
396152,1
457404,1
457405,1
273214,1
328788,1
457409,1
457413,1
457245,1
457407,1
293673,1
451333,1
162287,1
1516,1
454068,1
457417,1
457418,1
457237,1
278283,1
457421,1
457423,1
372298,1
457428,1
457429,1
454711,1
404356,1
347898,1
260295,1
457268,1
306472,1
456744,1
457437,1
457438,1
273799,1
290871,1
456920,1
457443,1
457445,1
457446,1
457434,1
285887,1
457447,1
457451,1
236150,1
457454,1
404690,1
369681,1
332499,1
313027,1
318884,1
325221,1
290660,1
457460,1
385176,1
457459,1
455339,1
457462,1
457463,1
457467,1
457466,1
1619,1
450204,1
457471,1
300274,1
457479,1
457474,1
260702,1
314112,1
393618,1
457482,1
13290,1
371076,1
272965,1
343602,1
457484,1
456940,1
305768,1
310366,1
299337,1
357681,1
357357,1
8156,1
308642,1
339431,1
268357,1
249314,1
404395,1
412025,1
455839,1
291648,1
291239,1
430146,1
270095,1
443024,1
414818,1
457500,1
453673,1
455059,1
350147,1
457327,1
197505,1
340911,1
291887,1
174071,1
310808,1
359877,1
355474,1
426264,1
313084,1
457508,1
1530,1
403718,1
290458,1
263825,1
457515,1
457517,1
313884,1
334315,1
457386,1
318412,1
453323,1
294227,1
176215,1
415214,1
281796,1
457523,1
454198,1
457519,1
21464,1
457525,1
457526,1
334846,1
293386,1
457391,1
312191,1
332880,1
457530,1
337818,1
295933,1
433581,1
436550,1
327935,1
241,1
456237,1
457536,1
185848,1
414327,1
353806,1
457540,1
457542,1
457541,1
457548,1
457544,1
309071,1
311631,1
457551,1
457552,1
437835,1
401664,1
410229,1
457545,1
392752,1
253948,1
295881,1
457556,1
178111,1
457546,1
163143,1
457553,1
294498,1
358553,1
455218,1
457441,1
392630,1
457560,1
457570,1
440399,1
456808,1
455717,1
457569,1
457506,1
457575,1
457578,1
457577,1
457576,1
1258,1
457579,1
260809,1
303839,1
457580,1
441678,1
334392,1
272596,1
457584,1
454829,1
422637,1
457585,1
258784,1
419584,1
397488,1
457592,1
229699,1
147625,1
290554,1
421307,1
209515,1
374075,1
264131,1
457571,1
133531,1
294561,1
424371,1
457598,1
311148,1
312090,1
317115,1
291910,1
457364,1
457596,1
457605,1
291425,1
294936,1
457604,1
457607,1
457199,1
381837,1
345248,1
388915,1
454553,1
403898,1
337520,1
230033,1
457561,1
165472,1
150772,1
4515,1
279409,1
431787,1
400229,1
457620,1
450248,1
456585,1
364916,1
457625,1
10505,1
287473,1
292022,1
457626,1
311561,1
457632,1
310933,1
417522,1
242776,1
415205,1
180282,1
457633,1
457638,1
333649,1
457591,1
457640,1
364589,1
326831,1
457643,1
415419,1
457630,1
457641,1
457610,1
457646,1
282221,1
238593,1
279464,1
296546,1
457277,1
385194,1
181618,1
457650,1
258311,1
432225,1
365502,1
296659,1
348057,1
457653,1
457656,1
455107,1
232302,1
442392,1
321582,1
457658,1
362394,1
353141,1
162012,1
282935,1
347189,1
365132,1
430313,1
372468,1
265218,1
42325,1
457663,1
292403,1
457668,1
457667,1
407166,1
285504,1
84350,1
457672,1
457671,1
308952,1
289609,1
273235,1
457678,1
457679,1
457680,1
278611,1
138937,1
457685,1
284626,1
457689,1
422133,1
447318,1
457694,1
453864,1
366509,1
131201,1
457698,1
455274,1
164842,1
453275,1
457703,1
308905,1
457704,1
311019,1
452383,1
453265,1
353495,1
164930,1
457708,1
457710,1
432744,1
294199,1
457711,1
457712,1
440085,1
439599,1
419816,1
317966,1
279513,1
186913,1
368530,1
457718,1
453037,1
454142,1
457722,1
127746,1
275092,1
258373,1
457726,1
326808,1
457727,1
457730,1
433569,1
457729,1
343058,1
457732,1
10131,1
271125,1
256970,1
450964,1
457736,1
453959,1
263438,1
453932,1
451973,1
457740,1
457747,1
457746,1
355619,1
457750,1
457751,1
457748,1
437633,1
293272,1
347352,1
280908,1
457754,1
338653,1
457756,1
457690,1
457759,1
363592,1
278758,1
434432,1
210377,1
337692,1
457764,1
357582,1
457768,1
457767,1
285739,1
457773,1
302288,1
457775,1
333831,1
419286,1
457778,1
401369,1
457783,1
282643,1
457785,1
157594,1
156607,1
323570,1
171275,1
401712,1
441280,1
435327,1
457007,1
356572,1
441427,1
457789,1
290945,1
401277,1
345206,1
6053,1
405989,1
295028,1
343540,1
11070,1
313102,1
307037,1
457787,1
392551,1
457794,1
250386,1
426041,1
457799,1
457802,1
457777,1
291400,1
294620,1
386132,1
457805,1
143599,1
454621,1
457806,1
457772,1
456987,1
344831,1
457804,1
179781,1
272755,1
240194,1
457695,1
291577,1
270135,1
457185,1
454543,1
326231,1
261817,1
145472,1
5130,1
457820,1
436531,1
244690,1
393874,1
457816,1
457825,1
457784,1
457826,1
292113,1
457829,1
457830,1
346806,1
457828,1
391056,1
420828,1
3718,1
457834,1
288293,1
245137,1
457821,1
430193,1
445552,1
457839,1
457841,1
457835,1
279595,1
457811,1
280067,1
457843,1
303937,1
457847,1
247283,1
457850,1
2817,1
285813,1
299944,1
457851,1
420843,1
52707,1
311729,1
420486,1
365568,1
208428,1
372417,1
457848,1
84941,1
455183,1
329909,1
328185,1
303002,1
457853,1
142814,1
457262,1
295592,1
251555,1
382503,1
410351,1
457859,1
348790,1
455104,1
260915,1
295829,1
400848,1
455301,1
303819,1
457862,1
313717,1
432866,1
457867,1
457868,1
285049,1
405018,1
140692,1
300533,1
457684,1
3982,1
314796,1
4198,1
457872,1
390994,1
457875,1
338629,1
335707,1
343190,1
404590,1
454107,1
267195,1
310793,1
285104,1
457881,1
293300,1
412294,1
457884,1
456853,1
457887,1
269769,1
377514,1
274035,1
457890,1
457879,1
323693,1
457892,1
361988,1
269040,1
426412,1
455114,1
330251,1
457894,1
457898,1
457900,1
431255,1
271508,1
361265,1
457897,1
3162,1
457902,1
457877,1
6899,1
296311,1
457906,1
457908,1
205607,1
457909,1
457896,1
457911,1
139170,1
304960,1
309469,1
43604,1
457916,1
457903,1
457917,1
448819,1
457918,1
457914,1
354138,1
1156,1
277834,1
418006,1
457183,1
457081,1
457924,1
1567,1
215191,1
457928,1
457930,1
457932,1
164222,1
209,1
233857,1
457933,1
283745,1
385600,1
457934,1
163436,1
225037,1
18531,1
408630,1
272013,1
115283,1
457893,1
457942,1
265449,1
396296,1
457947,1
180288,1
330757,1
18396,1
437391,1
261658,1
292510,1
457949,1
457950,1
430321,1
72623,1
280019,1
386463,1
157722,1
155280,1
457206,1
457957,1
457958,1
455283,1
457959,1
457954,1
433536,1
261132,1
453595,1
334977,1
457962,1
454534,1
457964,1
333064,1
249318,1
345726,1
45585,1
309296,1
47417,1
170724,1
363021,1
457966,1
457968,1
361370,1
164059,1
291649,1
457973,1
457971,1
58456,1
457972,1
457974,1
457976,1
148490,1
277524,1
295284,1
369789,1
373221,1
315414,1
312475,1
457993,1
392015,1
336191,1
401811,1
457904,1
381001,1
348238,1
353058,1
415614,1
457529,1
457982,1
245223,1
291889,1
429183,1
312967,1
378204,1
457995,1
447201,1
457998,1
457880,1
228466,1
433899,1
428960,1
10549,1
324233,1
458005,1
441093,1
454213,1
449636,1
457193,1
457822,1
458009,1
436413,1
457935,1
347042,1
458017,1
289977,1
415888,1
274611,1
174647,1
314119,1
458019,1
444558,1
457997,1
432419,1
458021,1
332878,1
452786,1
458003,1
457886,1
458022,1
458025,1
307528,1
273323,1
458028,1
448640,1
267959,1
150557,1
448633,1
314564,1
294507,1
458033,1
458034,1
274699,1
438898,1
420744,1
165881,1
182414,1
454285,1
448067,1
298971,1
323927,1
418750,1
458037,1
277499,1
348681,1
458036,1
458041,1
292502,1
433146,1
343478,1
458044,1
396651,1
458045,1
272123,1
6,1
458048,1
394628,1
333566,1
144498,1
159071,1
458040,1
458054,1
217654,1
273126,1
287430,1
329046,1
355614,1
458059,1
53434,1
302567,1
148939,1
458065,1
24762,1
317450,1
291653,1
416494,1
258581,1
405455,1
457411,1
328549,1
458056,1
458073,1
458070,1
458076,1
343772,1
393127,1
269518,1
339966,1
458081,1
458062,1
455256,1
284513,1
252552,1
450143,1
265519,1
412155,1
458092,1
458075,1
458086,1
458094,1
458100,1
458103,1
458106,1
458107,1
458063,1
457673,1
315296,1
282936,1
458098,1
423088,1
456085,1
171760,1
458118,1
303769,1
458126,1
458127,1
294948,1
458129,1
458137,1
150301,1
360124,1
347895,1
426839,1
458142,1
157502,1
350721,1
446155,1
458130,1
458145,1
257254,1
458078,1
458148,1
458149,1
289580,1
430977,1
457534,1
297528,1
445129,1
458154,1
458155,1
458158,1
458157,1
458156,1
458162,1
261692,1
255534,1
458164,1
458166,1
1923,1
329771,1
388916,1
458176,1
294800,1
291662,1
455144,1
345284,1
458181,1
457518,1
280797,1
254882,1
458179,1
458187,1
314539,1
458190,1
303542,1
28552,1
414208,1
259533,1
291655,1
458194,1
458195,1
458197,1
458199,1
458200,1
363480,1
298834,1
440381,1
246156,1
430960,1
458068,1
312663,1
188441,1
435496,1
198179,1
394868,1
431062,1
135321,1
334919,1
458217,1
190773,1
458219,1
307027,1
458221,1
452146,1
228391,1
292934,1
392759,1
458225,1
426813,1
356843,1
182131,1
211418,1
458228,1
224800,1
415534,1
458232,1
401412,1
313907,1
457612,1
458236,1
436028,1
431909,1
426961,1
457675,1
377279,1
458239,1
281671,1
458242,1
458241,1
10242,1
438455,1
286440,1
458245,1
458088,1
1107,1
458254,1
455449,1
275938,1
454565,1
458237,1
355242,1
324109,1
408283,1
458261,1
458230,1
458263,1
292648,1
440863,1
161539,1
295560,1
458203,1
265489,1
458269,1
458270,1
347314,1
446776,1
360843,1
289869,1
437593,1
458238,1
436213,1
418712,1
395410,1
453465,1
364294,1
171006,1
428492,1
95433,1
458287,1
457455,1
271752,1
303738,1
458290,1
447749,1
395904,1
423194,1
346610,1
292623,1
458295,1
346197,1
303016,1
458296,1
332244,1
420798,1
163413,1
458090,1
458163,1
294622,1
458298,1
435452,1
365212,1
291660,1
153351,1
254331,1
458299,1
458307,1
147032,1
458297,1
19665,1
270188,1
215310,1
458309,1
458316,1
362191,1
458049,1
444436,1
454096,1
341098,1
458319,1
458310,1
312445,1
287604,1
329366,1
458321,1
192115,1
326083,1
458322,1
458320,1
353669,1
458318,1
218958,1
383224,1
379845,1
17987,1
425327,1
458328,1
458330,1
428302,1
296653,1
288071,1
427412,1
333415,1
440950,1
334839,1
458342,1
446002,1
443448,1
659,1
324442,1
458338,1
374459,1
424210,1
442060,1
458153,1
124153,1
458327,1
258933,1
12237,1
380701,1
173337,1
172289,1
458348,1
297506,1
458161,1
452765,1
366151,1
410479,1
365186,1
458352,1
413397,1
458354,1
458357,1
452097,1
345305,1
296324,1
304196,1
278716,1
258561,1
269204,1
394291,1
458363,1
458329,1
458367,1
226865,1
458368,1
368898,1
458372,1
458374,1
399445,1
458371,1
458382,1
458375,1
446932,1
436325,1
458373,1
458377,1
458169,1
458387,1
356852,1
341412,1
313487,1
458168,1
440110,1
458216,1
359201,1
266412,1
238494,1
458399,1
458401,1
7620,1
458404,1
395120,1
2824,1
458403,1
146030,1
458402,1
329984,1
437413,1
347016,1
247838,1
458397,1
271371,1
413912,1
268374,1
457400,1
7665,1
458412,1
343457,1
372485,1
391436,1
153509,1
453934,1
458233,1
433597,1
331906,1
431057,1
438369,1
447945,1
279413,1
356042,1
4933,1
458418,1
458419,1
458416,1
379287,1
458420,1
27453,1
284861,1
327618,1
119430,1
316428,1
454015,1
458425,1
309102,1
418231,1
431626,1
388999,1
458431,1
357201,1
267878,1
312768,1
255486,1
330045,1
458439,1
458436,1
432975,1
458432,1
447764,1
11709,1
458249,1
456041,1
458445,1
255059,1
458441,1
458442,1
458448,1
458449,1
458446,1
453480,1
425678,1
352062,1
458427,1
159105,1
458452,1
429998,1
458139,1
307860,1
159634,1
5010,1
454731,1
282604,1
287632,1
333828,1
458460,1
454536,1
458340,1
260646,1
299833,1
457574,1
156660,1
229409,1
458464,1
293936,1
458466,1
458353,1
104765,1
285917,1
458472,1
401598,1
458286,1
338346,1
458475,1
339675,1
84641,1
281216,1
439644,1
294773,1
267898,1
401114,1
458479,1
234748,1
457432,1
458483,1
401421,1
275655,1
422702,1
458488,1
383470,1
458493,1
447033,1
345730,1
458495,1
458496,1
344949,1
449389,1
458490,1
292077,1
303870,1
458454,1
294240,1
458497,1
434356,1
458251,1
458508,1
454867,1
458031,1
177665,1
458509,1
354683,1
458438,1
458518,1
458468,1
398047,1
362182,1
292328,1
408045,1
349246,1
354817,1
458521,1
355362,1
314147,1
458525,1
446154,1
409337,1
458527,1
458526,1
236417,1
458523,1
320574,1
313085,1
458520,1
458533,1
458534,1
275461,1
180088,1
423817,1
457910,1
373666,1
238602,1
58212,1
282291,1
289379,1
441242,1
398760,1
325222,1
458253,1
10699,1
409058,1
458544,1
167456,1
407841,1
458243,1
361114,1
458398,1
282542,1
434745,1
265337,1
444380,1
270474,1
330284,1
458555,1
458557,1
458550,1
392285,1
406071,1
458560,1
447640,1
458562,1
120122,1
458568,1
452182,1
458574,1
458575,1
354435,1
320429,1
458570,1
458576,1
457601,1
458578,1
458577,1
3423,1
261449,1
259657,1
341171,1
296810,1
226623,1
8974,1
149118,1
458590,1
277861,1
458503,1
458443,1
458317,1
458593,1
420713,1
458596,1
439193,1
458313,1
458598,1
296995,1
458600,1
438953,1
343736,1
337873,1
302643,1
93060,1
332637,1
418606,1
438095,1
458608,1
458609,1
434508,1
458428,1
458612,1
458613,1
458614,1
370761,1
166526,1
458617,1
458615,1
458621,1
313272,1
386445,1
397922,1
300574,1
382388,1
279402,1
277489,1
399422,1
458628,1
458630,1
283824,1
401887,1
458631,1
453608,1
428739,1
458637,1
458636,1
288212,1
458634,1
434455,1
218237,1
242021,1
427025,1
400649,1
458633,1
458565,1
432578,1
5993,1
386853,1
282829,1
458646,1
368565,1
187039,1
371475,1
317533,1
316563,1
324551,1
345306,1
293186,1
312609,1
304775,1
355881,1
361941,1
458627,1
424797,1
292939,1
291624,1
4158,1
345821,1
458653,1
301687,1
198723,1
442984,1
409539,1
458476,1
231730,1
458480,1
397810,1
432417,1
19124,1
278421,1
307313,1
457765,1
458660,1
458661,1
270216,1
304589,1
415857,1
341405,1
458656,1
156182,1
321719,1
147579,1
401774,1
309572,1
458666,1
427589,1
458669,1
421331,1
417092,1
299448,1
458672,1
258301,1
300398,1
458670,1
156183,1
458679,1
458677,1
458280,1
184370,1
453221,1
458676,1
355711,1
411800,1
433195,1
458684,1
353361,1
328429,1
322886,1
79427,1
9446,1
458688,1
454493,1
458675,1
458678,1
454330,1
177359,1
458699,1
263162,1
458703,1
351567,1
1930,1
365070,1
308860,1
456799,1
283660,1
364689,1
458713,1
458715,1
398333,1
453893,1
183930,1
157370,1
458717,1
439865,1
434948,1
457083,1
458727,1
433332,1
458729,1
328941,1
458730,1
458735,1
458734,1
455750,1
11444,1
458150,1
458738,1
1901,1
371735,1
360625,1
458746,1
287158,1
359351,1
436376,1
171397,1
445773,1
354916,1
458752,1
255377,1
456993,1
241736,1
458751,1
431672,1
282679,1
371779,1
170278,1
246726,1
447152,1
458762,1
437053,1
454243,1
458665,1
458771,1
458769,1
260549,1
458770,1
243042,1
241456,1
453619,1
411796,1
458777,1
299562,1
290984,1
443732,1
113542,1
457634,1
458786,1
455050,1
414667,1
458787,1
458788,1
361956,1
456672,1
260929,1
397054,1
226752,1
458794,1
438806,1
318772,1
458796,1
458797,1
394425,1
443834,1
434887,1
458800,1
439100,1
458801,1
410352,1
187110,1
458802,1
458805,1
444221,1
236728,1
458806,1
458804,1
205163,1
293356,1
458808,1
390859,1
268553,1
266003,1
458809,1
427993,1
322426,1
356697,1
458816,1
409159,1
301087,1
455933,1
458820,1
458819,1
458813,1
458825,1
391903,1
183318,1
458827,1
376597,1
156038,1
341764,1
200091,1
446853,1
320162,1
258279,1
168573,1
458749,1
458708,1
439706,1
298685,1
458832,1
458841,1
288021,1
458843,1
458840,1
375203,1
458844,1
458848,1
1486,1
378114,1
458855,1
458857,1
458858,1
456111,1
458859,1
458850,1
458863,1
327235,1
306353,1
458870,1
291873,1
2636,1
458872,1
144381,1
458874,1
458869,1
269054,1
458879,1
456402,1
458884,1
458886,1
439897,1
458888,1
213887,1
442693,1
458887,1
458892,1
457464,1
334367,1
458893,1
458894,1
458896,1
292629,1
458902,1
429213,1
330261,1
265825,1
457410,1
458907,1
458694,1
458910,1
259905,1
324573,1
260329,1
350202,1
458925,1
449562,1
458926,1
458929,1
413867,1
443652,1
458930,1
458932,1
414439,1
331821,1
435497,1
458931,1
421630,1
452238,1
297517,1
458935,1
458938,1
458943,1
458942,1
458554,1
422851,1
385506,1
275589,1
458945,1
276227,1
354948,1
314587,1
458948,1
440612,1
292640,1
458882,1
458956,1
458958,1
458871,1
458959,1
331468,1
458912,1
401747,1
458964,1
345804,1
371357,1
451255,1
453041,1
262246,1
166675,1
458969,1
458970,1
458971,1
333572,1
453099,1
318366,1
458799,1
458682,1
446392,1
400491,1
423468,1
458864,1
458979,1
458977,1
355129,1
146149,1
458980,1
458976,1
424407,1
39112,1
458987,1
458988,1
458986,1
6359,1
146503,1
444655,1
434503,1
458853,1
384359,1
416093,1
327093,1
420285,1
357718,1
222290,1
434627,1
442588,1
300087,1
368688,1
374544,1
458897,1
453234,1
458975,1
458895,1
348129,1
456969,1
459009,1
370397,1
459014,1
458996,1
296892,1
316259,1
331341,1
356058,1
294979,1
458789,1
359022,1
450283,1
279487,1
458469,1
459022,1
459021,1
459020,1
170905,1
453428,1
459027,1
459032,1
282161,1
248992,1
459033,1
459035,1
440879,1
303215,1
5827,1
390876,1
459029,1
459041,1
314909,1
252262,1
262814,1
331608,1
459048,1
7106,1
406867,1
459049,1
336470,1
147941,1
454488,1
362726,1
288088,1
291905,1
385519,1
459058,1
459045,1
459059,1
166070,1
239545,1
373872,1
298004,1
156753,1
459012,1
168955,1
404191,1
199013,1
286799,1
326217,1
384278,1
4162,1
396566,1
459075,1
250924,1
459076,1
278055,1
431415,1
458939,1
422219,1
419839,1
440401,1
459080,1
459081,1
444721,1
354017,1
429371,1
307635,1
459087,1
323543,1
458552,1
255271,1
293126,1
459088,1
421643,1
275412,1
349213,1
457655,1
383386,1
440537,1
268715,1
459093,1
459094,1
357755,1
459096,1
459097,1
458866,1
459099,1
459100,1
275552,1
320074,1
438522,1
459107,1
459108,1
389692,1
459117,1
287453,1
459112,1
427354,1
459120,1
459092,1
282560,1
144164,1
30067,1
459128,1
144810,1
459115,1
427701,1
260910,1
313639,1
143505,1
195307,1
317568,1
454604,1
294836,1
412431,1
413775,1
265762,1
355626,1
288533,1
143709,1
459158,1
459159,1
459151,1
298424,1
453547,1
459163,1
392200,1
352167,1
459173,1
457453,1
269697,1
355472,1
459111,1
458950,1
152138,1
444256,1
403611,1
259393,1
281522,1
388547,1
412177,1
459185,1
459174,1
354175,1
407428,1
295010,1
395839,1
289132,1
349553,1
431135,1
442341,1
172808,1
272098,1
459201,1
454812,1
261239,1
277866,1
459206,1
459207,1
6958,1
459208,1
402933,1
457831,1
292033,1
385741,1
146801,1
459218,1
324829,1
435294,1
326046,1
459220,1
459223,1
459224,1
172804,1
288442,1
458652,1
459231,1
6997,1
274572,1
459217,1
419321,1
459193,1
261972,1
459235,1
346761,1
454034,1
285283,1
383731,1
300687,1
205631,1
289297,1
324480,1
5389,1
459243,1
7548,1
187632,1
457818,1
299099,1
459251,1
13282,1
224451,1
458954,1
293940,1
459253,1
438725,1
283576,1
459261,1
317638,1
459263,1
445891,1
459252,1
424684,1
453713,1
446579,1
436278,1
4392,1
291637,1
298869,1
452770,1
459272,1
345151,1
459275,1
458989,1
328566,1
305312,1
384247,1
459282,1
459284,1
448382,1
238885,1
292407,1
453678,1
415181,1
459290,1
358569,1
349262,1
338750,1
165077,1
459292,1
283080,1
285140,1
413781,1
458450,1
199325,1
23292,1
110261,1
459298,1
459299,1
459160,1
5785,1
290231,1
238650,1
336176,1
227711,1
459303,1
308778,1
151271,1
360203,1
79707,1
282910,1
290015,1
459313,1
459141,1
423520,1
459310,1
435667,1
349228,1
320177,1
309637,1
7492,1
268178,1
437254,1
281460,1
459327,1
459328,1
355428,1
264012,1
293216,1
459341,1
458212,1
373963,1
264447,1
459343,1
385822,1
459347,1
459236,1
459351,1
452348,1
459357,1
172870,1
8594,1
457465,1
459359,1
459361,1
354007,1
459143,1
459367,1
459369,1
310831,1
459371,1
366514,1
296817,1
459373,1
459374,1
386358,1
191879,1
459377,1
415581,1
290303,1
459346,1
459382,1
459384,1
315311,1
456868,1
285322,1
451303,1
277066,1
264079,1
459394,1
335626,1
454955,1
445887,1
454324,1
370464,1
101799,1
459398,1
458947,1
459278,1
459403,1
172225,1
459405,1
459410,1
458101,1
459412,1
459413,1
459415,1
180637,1
355001,1
459418,1
459420,1
371586,1
459296,1
350517,1
459423,1
248535,1
272388,1
373821,1
459425,1
456293,1
299204,1
397194,1
328958,1
275302,1
453617,1
459445,1
459447,1
459438,1
459435,1
459434,1
459450,1
291658,1
459448,1
459444,1
459458,1
459459,1
459457,1
316893,1
91392,1
459463,1
459466,1
459469,1
286456,1
331120,1
295929,1
459470,1
459472,1
457147,1
406973,1
194993,1
228175,1
307829,1
448594,1
459479,1
459480,1
427111,1
459481,1
459483,1
176344,1
459485,1
175260,1
459486,1
426272,1
274536,1
420968,1
280895,1
459487,1
459488,1
291552,1
436868,1
459493,1
7244,1
205099,1
459494,1
267824,1
459336,1
393733,1
323476,1
459503,1
459506,1
417346,1
459505,1
459408,1
415887,1
427329,1
459441,1
338610,1
459507,1
292619,1
332585,1
233588,1
437674,1
362950,1
459511,1
296782,1
292420,1
297628,1
458308,1
315770,1
368421,1
196728,1
315056,1
169768,1
417120,1
13296,1
424570,1
216102,1
459522,1
281885,1
459433,1
323763,1
459524,1
459527,1
459529,1
459531,1
2811,1
438669,1
459534,1
459536,1
261647,1
459518,1
338140,1
363648,1
459429,1
254378,1
459539,1
459543,1
407145,1
298307,1
441207,1
288245,1
459545,1
396726,1
459546,1
459548,1
374810,1
287155,1
459558,1
459054,1
459559,1
143392,1
455075,1
459563,1
459565,1
246879,1
459572,1
459569,1
459571,1
309433,1
459504,1
284452,1
340426,1
459576,1
298024,1
459114,1
239022,1
241004,1
459582,1
336022,1
233162,1
167253,1
256539,1
458909,1
459519,1
382524,1
459560,1
459590,1
459591,1
303191,1
232801,1
459595,1
459597,1
449387,1
313048,1
454634,1
459600,1
269027,1
273846,1
188449,1
459599,1
268643,1
425108,1
294859,1
134749,1
459606,1
354101,1
338001,1
459609,1
459613,1
459611,1
359602,1
421866,1
459615,1
363080,1
439134,1
276364,1
459620,1
459618,1
7443,1
458462,1
407217,1
409377,1
4360,1
305895,1
459629,1
459625,1
459631,1
459632,1
427342,1
289769,1
268897,1
247713,1
306099,1
445218,1
356110,1
9703,1
268389,1
139273,1
459649,1
459512,1
454917,1
459661,1
459659,1
257415,1
313766,1
282491,1
459667,1
459671,1
454544,1
263204,1
459520,1
459674,1
308671,1
459675,1
4465,1
433960,1
290991,1
1540,1
459456,1
459678,1
450216,1
456936,1
408364,1
263321,1
459681,1
268353,1
211970,1
162032,1
400466,1
345247,1
296719,1
89663,1
345288,1
459687,1
459688,1
296089,1
291024,1
459580,1
459689,1
291382,1
28,1
339592,1
290915,1
443240,1
418261,1
459691,1
459694,1
459693,1
7175,1
459698,1
309320,1
459001,1
279264,1
459699,1
282687,1
146990,1
459702,1
459703,1
459705,1
453350,1
216352,1
448695,1
458421,1
459708,1
459711,1
459709,1
261626,1
456261,1
440234,1
459717,1
459718,1
156467,1
459484,1
31,1
432311,1
459721,1
15120,1
459720,1
415770,1
459719,1
169991,1
215160,1
459723,1
11459,1
459726,1
253303,1
459528,1
298401,1
457549,1
14825,1
369046,1
381265,1
459741,1
459647,1
459037,1
148561,1
459744,1
311823,1
300986,1
223219,1
389481,1
459751,1
459752,1
459758,1
395790,1
269003,1
459753,1
459763,1
410736,1
459766,1
362375,1
459765,1
8016,1
312782,1
459769,1
459770,1
459772,1
393639,1
445675,1
459774,1
459775,1
345967,1
457697,1
459776,1
459778,1
396695,1
345949,1
334131,1
459787,1
429585,1
459780,1
426978,1
459789,1
459790,1
439677,1
182248,1
302501,1
246828,1
376706,1
459730,1
291844,1
303572,1
459791,1
459795,1
454061,1
459799,1
459746,1
459800,1
459259,1
437470,1
459802,1
2290,1
371236,1
459806,1
167169,1
427541,1
459810,1
459813,1
432986,1
288430,1
459819,1
225106,1
420678,1
145774,1
412252,1
459823,1
459824,1
312180,1
452772,1
459828,1
97683,1
355775,1
459833,1
459836,1
459838,1
427220,1
459841,1
345134,1
408873,1
459246,1
139247,1
459844,1
459850,1
399677,1
459852,1
430006,1
459855,1
459854,1
275838,1
459860,1
438606,1
459662,1
269289,1
370260,1
414533,1
459870,1
459871,1
459831,1
459872,1
265343,1
227453,1
459874,1
459880,1
323634,1
459882,1
311830,1
459832,1
459884,1
459883,1
459887,1
2921,1
459899,1
459900,1
459901,1
364373,1
459910,1
281576,1
458506,1
290619,1
459680,1
337693,1
459862,1
459916,1
459918,1
459920,1
283073,1
142591,1
459919,1
448527,1
459925,1
459921,1
281477,1
459927,1
459929,1
1794,1
459804,1
459935,1
4435,1
459939,1
459943,1
454733,1
459946,1
267488,1
353092,1
161640,1
302002,1
459953,1
459955,1
459957,1
258141,1
257532,1
459461,1
459963,1
459959,1
459967,1
457582,1
459490,1
454241,1
339385,1
396845,1
411392,1
278226,1
426843,1
169524,1
459974,1
325133,1
459977,1
459976,1
459981,1
459986,1
459989,1
459991,1
459722,1
459994,1
308829,1
459993,1
460003,1
460005,1
412492,1
460006,1
382816,1
459997,1
310953,1
460011,1
373977,1
248587,1
457763,1
460020,1
345236,1
414872,1
460019,1
430796,1
413852,1
460027,1
454211,1
433699,1
460029,1
460032,1
460033,1
457234,1
460037,1
420007,1
232451,1
460038,1
460048,1
349712,1
460046,1
460050,1
460047,1
447932,1
460067,1
460071,1
460072,1
460074,1
460080,1
384408,1
460069,1
460083,1
460087,1
152781,1
270339,1
343868,1
192890,1
460098,1
460099,1
460106,1
460104,1
460107,1
460111,1
460101,1
460114,1
460103,1
348341,1
460023,1
460081,1
460118,1
460119,1
398080,1
460121,1
460120,1
454868,1
460127,1
460134,1
254285,1
460139,1
454679,1
350237,1
459443,1
460145,1
382414,1
460148,1
459980,1
185766,1
440803,1
272838,1
460151,1
412594,1
459666,1
298019,1
460159,1
460152,1
460165,1
293542,1
460171,1
460162,1
265363,1
11365,1
460172,1
460175,1
313900,1
460176,1
460179,1
460178,1
460180,1
460181,1
460186,1
460183,1
460188,1
309451,1
460194,1
460202,1
270263,1
257828,1
271114,1
460193,1
460206,1
295467,1
234386,1
460210,1
460211,1
460123,1
325492,1
460185,1
366425,1
291598,1
460215,1
460219,1
460223,1
228843,1
460199,1
460229,1
284211,1
375803,1
460234,1
460109,1
340989,1
460247,1
460246,1
460245,1
460252,1
460254,1
460198,1
459663,1
460258,1
460262,1
460260,1
457272,1
460267,1
460265,1
460272,1
460274,1
460273,1
460276,1
460278,1
364336,1
460279,1
460257,1
295139,1
460285,1
460286,1
460287,1
460288,1
460289,1
387652,1
339060,1
460290,1
460292,1
392960,1
255563,1
460293,1
460277,1
17358,1
19193,1
223991,1
460296,1
187355,1
460311,1
460316,1
460320,1
460251,1
460324,1
460331,1
344047,1
359762,1
460334,1
259054,1
460337,1
351231,1
460338,1
309232,1
271192,1
329281,1
460243,1
460340,1
295425,1
301770,1
301485,1
410450,1
460343,1
389473,1
424723,1
460346,1
394745,1
214254,1
460349,1
460348,1
460350,1
147618,1
460353,1
460354,1
333875,1
400892,1
460359,1
460361,1
313428,1
460372,1
226116,1
460374,1
460373,1
460376,1
268326,1
347822,1
460383,1
460378,1
460384,1
452079,1
265092,1
395198,1
460390,1
460380,1
1271,1
460395,1
458405,1
316456,1
337596,1
435345,1
460403,1
452593,1
322418,1
460404,1
257151,1
460408,1
238170,1
7488,1
392562,1
460411,1
459707,1
424287,1
407383,1
183269,1
460422,1
460427,1
460428,1
460434,1
460435,1
440316,1
460441,1
460308,1
460445,1
291855,1
460454,1
460455,1
460456,1
460275,1
460446,1
460460,1
460452,1
306595,1
319894,1
460470,1
460472,1
460479,1
265302,1
460480,1
460371,1
460486,1
254337,1
460483,1
460493,1
460468,1
460430,1
460458,1
353423,1
460494,1
460498,1
460499,1
460500,1
455262,1
300911,1
460501,1
460503,1
280345,1
460505,1
303081,1
458133,1
460511,1
458582,1
460514,1
460508,1
293510,1
460363,1
177524,1
460520,1
460525,1
437476,1
460529,1
459749,1
460531,1
278906,1
360184,1
460532,1
283300,1
460537,1
460536,1
460534,1
421355,1
460539,1
460541,1
460544,1
460548,1
460549,1
302381,1
282286,1
460555,1
460550,1
241487,1
460562,1
357139,1
460564,1
460557,1
460440,1
460572,1
460574,1
454090,1
324286,1
331985,1
451471,1
460576,1
460577,1
460583,1
449560,1
286884,1
460589,1
460590,1
460592,1
431385,1
460594,1
460593,1
460412,1
460595,1
460604,1
460606,1
305169,1
460611,1
442477,1
460612,1
271648,1
460619,1
460622,1
460618,1
283130,1
454370,1
192899,1
460624,1
445116,1
459318,1
343809,1
67232,1
268053,1
306778,1
460628,1
460632,1
159975,1
460637,1
460638,1
325105,1
114288,1
460640,1
270738,1
407104,1
278647,1
460396,1
361609,1
460646,1
64065,1
460648,1
460649,1
291638,1
456492,1
460657,1
460658,1
400850,1
435394,1
460659,1
460660,1
460664,1
460663,1
459713,1
304509,1
460669,1
460670,1
460677,1
425200,1
460673,1
460682,1
436276,1
444171,1
448589,1
460686,1
460382,1
460154,1
340405,1
460492,1
453692,1
460690,1
458358,1
460693,1
326082,1
460702,1
460705,1
460715,1
460436,1
460716,1
460709,1
460195,1
153930,1
460526,1
460721,1
460724,1
460704,1
375677,1
460733,1
460735,1
348550,1
172173,1
439153,1
460741,1
460742,1
460743,1
460744,1
460748,1
388475,1
369257,1
460753,1
339848,1
460757,1
340546,1
355277,1
9188,1
460641,1
460768,1
460769,1
460771,1
460767,1
271931,1
394183,1
5839,1
353681,1
460759,1
5348,1
460782,1
460785,1
460788,1
460746,1
282371,1
321081,1
298438,1
328607,1
460800,1
323341,1
460790,1
460807,1
460809,1
460811,1
460812,1
460806,1
460793,1
121807,1
460820,1
460698,1
460822,1
460823,1
7502,1
254505,1
460824,1
460825,1
274652,1
460828,1
460819,1
133023,1
279778,1
427084,1
460804,1
460837,1
460835,1
323156,1
460847,1
460849,1
426134,1
460661,1
156680,1
460853,1
460854,1
369899,1
460439,1
460859,1
460857,1
460861,1
460862,1
460864,1
431653,1
460863,1
429139,1
249600,1
460792,1
285809,1
444411,1
426167,1
460871,1
460873,1
460872,1
382812,1
306739,1
447691,1
460497,1
117784,1
458584,1
460868,1
302367,1
440460,1
203499,1
177432,1
350524,1
279126,1
420591,1
460878,1
460880,1
460879,1
190596,1
397058,1
454456,1
408249,1
460886,1
413353,1
282330,1
460896,1
460901,1
419255,1
460904,1
254919,1
460911,1
460914,1
442704,1
293504,1
460918,1
460922,1
460635,1
460923,1
460924,1
460925,1
276294,1
419216,1
291723,1
460926,1
460913,1
460930,1
460933,1
317234,1
330137,1
460938,1
351537,1
272905,1
23791,1
169642,1
460951,1
460950,1
280231,1
448563,1
175978,1
453038,1
460899,1
191107,1
332741,1
438989,1
460962,1
453033,1
354314,1
460963,1
460964,1
14290,1
460968,1
420501,1
460970,1
460916,1
460965,1
460958,1
289370,1
460975,1
144317,1
269336,1
448410,1
460946,1
460979,1
437761,1
225771,1
460813,1
460983,1
460982,1
460994,1
460995,1
345997,1
460999,1
460991,1
418889,1
258843,1
461003,1
461005,1
315583,1
444121,1
314628,1
131373,1
461017,1
460977,1
461014,1
345244,1
273936,1
461023,1
461020,1
460986,1
460667,1
461030,1
461025,1
410929,1
461032,1
461033,1
461036,1
402842,1
461041,1
461042,1
2617,1
460786,1
461048,1
459975,1
450911,1
201470,1
438446,1
148755,1
395541,1
449787,1
371838,1
461057,1
461047,1
461061,1
461013,1
461059,1
268465,1
461065,1
461066,1
453298,1
461071,1
461073,1
461076,1
347303,1
421641,1
342475,1
336344,1
461084,1
459125,1
161346,1
461087,1
201059,1
282373,1
457475,1
152211,1
461102,1
461101,1
295060,1
461104,1
349093,1
461107,1
283720,1
3751,1
461111,1
460885,1
445265,1
461116,1
369564,1
461122,1
461090,1
461125,1
461126,1
268997,1
165955,1
202387,1
309023,1
461136,1
328305,1
461138,1
452966,1
414007,1
461147,1
435969,1
461024,1
461151,1
461148,1
384500,1
460730,1
461152,1
291625,1
286753,1
62735,1
459857,1
461156,1
461158,1
388781,1
461153,1
460601,1
461160,1
433887,1
294037,1
365473,1
461168,1
460919,1
373558,1
461170,1
461172,1
461171,1
295387,1
432762,1
386059,1
237600,1
312553,1
461182,1
293379,1
457737,1
277724,1
461192,1
461193,1
461197,1
461191,1
315184,1
459474,1
350577,1
461200,1
303497,1
323046,1
461204,1
461206,1
211723,1
461207,1
461211,1
185019,1
461215,1
460817,1
461213,1
454451,1
175140,1
461221,1
230326,1
461224,1
461225,1
455831,1
461232,1
339457,1
460527,1
461240,1
6976,1
428143,1
461243,1
295804,1
461236,1
337293,1
461239,1
461247,1
461248,1
413461,1
252825,1
324784,1
395578,1
461254,1
424442,1
284147,1
302524,1
437411,1
357550,1
461145,1
461261,1
461260,1
409368,1
255341,1
461244,1
461063,1
460887,1
291651,1
291652,1
461269,1
294358,1
461271,1
461270,1
461273,1
307015,1
459404,1
461281,1
460936,1
136851,1
461264,1
143785,1
413818,1
291699,1
461290,1
461289,1
461294,1
441200,1
461297,1
461296,1
461300,1
282783,1
238128,1
203853,1
461303,1
461307,1
7034,1
431138,1
14514,1
461315,1
355720,1
323439,1
461319,1
459411,1
461308,1
450491,1
461320,1
461328,1
461329,1
232006,1
461327,1
292181,1
435101,1
291668,1
461331,1
461332,1
461088,1
278789,1
439085,1
167101,1
175959,1
322768,1
461339,1
461343,1
461345,1
413016,1
454496,1
461358,1
461356,1
311299,1
447003,1
412764,1
274057,1
454201,1
460236,1
457921,1
356158,1
461364,1
268616,1
461367,1
461374,1
460122,1
461373,1
341189,1
450033,1
220700,1
455083,1
271286,1
461124,1
461384,1
461386,1
430529,1
346767,1
460869,1
368524,1
461392,1
380559,1
461311,1
461361,1
331872,1
461398,1
408288,1
264845,1
440703,1
280545,1
461403,1
282010,1
454163,1
455867,1
456598,1
461354,1
1546,1
284633,1
151502,1
461407,1
461405,1
461330,1
461413,1
355553,1
7417,1
461420,1
461418,1
461424,1
409459,1
144473,1
461423,1
461425,1
461427,1
461430,1
291670,1
461431,1
461251,1
19389,1
291675,1
352057,1
423226,1
461353,1
461438,1
461441,1
395915,1
461440,1
461442,1
461443,1
275505,1
461445,1
461433,1
283840,1
191403,1
460725,1
461448,1
461457,1
461450,1
330782,1
461459,1
438625,1
461460,1
58554,1
363714,1
291663,1
461190,1
461461,1
291654,1
461464,1
291854,1
163682,1
461467,1
332257,1
297420,1
461473,1
337582,1
301639,1
274564,1
284531,1
461481,1
461483,1
461485,1
412516,1
332384,1
459922,1
461493,1
3817,1
379770,1
287436,1
461498,1
461507,1
461506,1
461503,1
324449,1
461475,1
461508,1
420925,1
269847,1
461514,1
4054,1
461513,1
461410,1
461520,1
262273,1
461527,1
129101,1
254603,1
461529,1
179127,1
461531,1
322481,1
461534,1
461533,1
351748,1
440489,1
461536,1
461539,1
451979,1
442741,1
461511,1
337081,1
461550,1
461545,1
461551,1
294205,1
416180,1
461555,1
461556,1
461487,1
461542,1
461548,1
298626,1
461560,1
461561,1
461562,1
238821,1
461569,1
461528,1
461380,1
461577,1
460303,1
310914,1
249381,1
444333,1
272261,1
461591,1
356041,1
461599,1
461595,1
461586,1
167251,1
461605,1
461604,1
461610,1
282999,1
461613,1
7031,1
461615,1
454676,1
426003,1
172180,1
461606,1
450873,1
461630,1
461634,1
461624,1
367415,1
461635,1
461636,1
386296,1
319448,1
461638,1
461639,1
156206,1
461641,1
461643,1
269534,1
461647,1
461642,1
461650,1
335998,1
281339,1
354837,1
461658,1
461659,1
151279,1
429132,1
461661,1
461660,1
461662,1
461655,1
461667,1
461666,1
461668,1
442097,1
461671,1
344230,1
461672,1
361547,1
301987,1
461677,1
448291,1
331267,1
461681,1
273687,1
461628,1
296431,1
431846,1
461209,1
275253,1
461685,1
461691,1
461688,1
313391,1
461695,1
415639,1
461701,1
461692,1
461640,1
461704,1
461705,1
461706,1
461708,1
311754,1
195679,1
461711,1
461712,1
461554,1
424865,1
460713,1
391166,1
346530,1
223701,1
461720,1
461722,1
461723,1
461725,1
461727,1
346582,1
461728,1
451458,1
461730,1
461477,1
431437,1
461731,1
304346,1
461734,1
461737,1
461738,1
461733,1
3297,1
395628,1
430312,1
461721,1
461748,1
325250,1
292926,1
461751,1
461752,1
422224,1
336789,1
9734,1
444639,1
461754,1
461757,1
320651,1
461764,1
292811,1
461761,1
282668,1
461768,1
421774,1
403690,1
461775,1
461771,1
461777,1
461755,1
461216,1
461785,1
309625,1
461783,1
145185,1
461788,1
461789,1
454397,1
418502,1
461745,1
461795,1
156776,1
256834,1
283123,1
332348,1
461729,1
444596,1
392863,1
461803,1
461804,1
461807,1
418276,1
461806,1
446072,1
294694,1
457819,1
461813,1
461709,1
461815,1
461822,1
461821,1
461820,1
426080,1
146397,1
401726,1
396628,1
461829,1
461832,1
255218,1
401400,1
461834,1
461833,1
460801,1
461836,1
444513,1
461837,1
162858,1
461840,1
461842,1
105476,1
424121,1
461817,1
458366,1
461845,1
353151,1
425718,1
461690,1
461851,1
461387,1
461850,1
461855,1
461856,1
461863,1
213109,1
461869,1
461870,1
461866,1
461865,1
461874,1
422658,1
461871,1
269130,1
461888,1
289375,1
239043,1
346860,1
461885,1
329890,1
461893,1
345135,1
461897,1
461898,1
461899,1
461894,1
134543,1
343910,1
50044,1
461903,1
86291,1
461860,1
461868,1
330862,1
453975,1
273499,1
461908,1
461909,1
461914,1
461915,1
461917,1
461918,1
461921,1
461922,1
321539,1
461926,1
461181,1
265120,1
461928,1
329880,1
461930,1
270193,1
461934,1
461935,1
290914,1
461696,1
304732,1
455691,1
461933,1
461947,1
461948,1
244595,1
460678,1
461945,1
459180,1
357995,1
461958,1
461963,1
461955,1
345396,1
461967,1
461971,1
319254,1
146568,1
459762,1
324412,1
408718,1
461978,1
461979,1
60906,1
461941,1
461974,1
461981,1
461982,1
379428,1
461988,1
461990,1
461980,1
461996,1
461995,1
461999,1
461942,1
181620,1
462004,1
292129,1
364623,1
8835,1
447812,1
461763,1
461879,1
462015,1
317604,1
319279,1
462020,1
282937,1
462021,1
403311,1
456703,1
213198,1
462025,1
462026,1
462027,1
110312,1
462030,1
462031,1
462036,1
296254,1
354412,1
462038,1
345455,1
210961,1
301785,1
420342,1
462039,1
15772,1
462040,1
461769,1
212597,1
337191,1
284858,1
462049,1
462052,1
299854,1
462054,1
462057,1
312267,1
244058,1
462042,1
412225,1
462076,1
462080,1
462085,1
415563,1
402722,1
264158,1
462084,1
462087,1
462089,1
462090,1
209960,1
144951,1
462091,1
462092,1
351678,1
462096,1
282998,1
396678,1
317161,1
462103,1
462112,1
462115,1
147469,1
347810,1
458146,1
462118,1
268714,1
462119,1
461984,1
462124,1
326516,1
462129,1
462131,1
286739,1
462135,1
462138,1
461889,1
462137,1
429236,1
462148,1
462149,1
437006,1
402605,1
462155,1
462160,1
462161,1
259684,1
462163,1
294022,1
462166,1
462158,1
462174,1
340123,1
461956,1
373357,1
462175,1
462167,1
433113,1
345487,1
462178,1
314459,1
462181,1
414421,1
334946,1
156306,1
462184,1
462185,1
456741,1
338176,1
462045,1
264723,1
462188,1
462189,1
462191,1
181830,1
462192,1
462193,1
442123,1
461857,1
462194,1
462195,1
379969,1
462200,1
336154,1
462205,1
462207,1
331389,1
462209,1
462211,1
462216,1
187901,1
441305,1
444197,1
462220,1
462221,1
433704,1
462222,1
34121,1
462226,1
462213,1
462233,1
325136,1
462190,1
462241,1
330150,1
462242,1
285790,1
254452,1
43915,1
462250,1
287203,1
462251,1
462253,1
462231,1
462257,1
368203,1
366505,1
462259,1
462256,1
462260,1
462261,1
364667,1
462268,1
462271,1
429260,1
254697,1
462274,1
454225,1
1563,1
398417,1
403662,1
462276,1
462279,1
457946,1
462280,1
235548,1
441708,1
462173,1
308039,1
462285,1
462286,1
462281,1
457435,1
462288,1
462290,1
4303,1
258908,1
462294,1
462297,1
460607,1
462300,1
462301,1
462303,1
462302,1
